<?xml version="1.0" encoding="UTF-8"?>
<project-private xmlns="http://www.netbeans.org/ns/project-private/1">
    <editor-bookmarks xmlns="http://www.netbeans.org/ns/editor-bookmarks/2" lastBookmarkId="0"/>
    <open-files xmlns="http://www.netbeans.org/ns/projectui-open-files/2">
        <group>
            <file>file:/C:/Users/Shelmo/Documents/NetBeansProjects/Trabalho/WebApplication1/src/java/hibernate.cfg.xml</file>
            <file>file:/C:/Users/Shelmo/Documents/NetBeansProjects/Trabalho/WebApplication1/web/ListaCategoriaJSTL.jsp</file>
            <file>file:/C:/Users/Shelmo/Documents/NetBeansProjects/Trabalho/WebApplication1/web/CategoriaJSTL.jsp</file>
            <file>file:/C:/Users/Shelmo/Documents/NetBeansProjects/Trabalho/WebApplication1/web/ProdutoJSTL.jsp</file>
            <file>file:/C:/Users/Shelmo/Documents/NetBeansProjects/Trabalho/WebApplication1/web/PedidoJSTL.jsp</file>
            <file>file:/C:/Users/Shelmo/Documents/NetBeansProjects/Trabalho/WebApplication1/web/ListaProdutoJSTL.jsp</file>
            <file>file:/C:/Users/Shelmo/Documents/NetBeansProjects/Trabalho/WebApplication1/src/java/servlet/AlterarCategoriaServlet.java</file>
            <file>file:/C:/Users/Shelmo/Documents/NetBeansProjects/Trabalho/WebApplication1/web/ClienteJSTL.jsp</file>
            <file>file:/C:/Users/Shelmo/Documents/NetBeansProjects/Trabalho/WebApplication1/web/ItensPedidoJSTL.jsp</file>
            <file>file:/C:/Users/Shelmo/Documents/NetBeansProjects/Trabalho/WebApplication1/web/index.jsp</file>
            <file>file:/C:/Users/Shelmo/Documents/NetBeansProjects/Trabalho/WebApplication1/web/ListaClienteJSTL.jsp</file>
        </group>
    </open-files>
</project-private>
