<?xml version="1.0" encoding="UTF-8"?>
<!DOCTYPE hibernate-configuration PUBLIC
    "-//Hibernate/Hibernate Configuration DTD 3.0//EN"
    "http://www.hibernate.org/dtd/hibernate-configuration-3.0.dtd">
<hibernate-configuration>
    <session-factory>
        <property name="connection.username">root</property>
        <property name="connection.password">29642119</property>
        <property name="connection.driver_class">com.mysql.jdbc.Driver</property>
        <property name="connection.url">jdbc:mysql://localhost:3306/pizzaria?characterSetResults=utf8</property>
        <property name="dialect">org.hibernate.dialect.MySQLDialect</property>

                


        <property name="show_sql">false</property>
        <property name="format_sql">false</property>
        <property name="hbm2ddl.auto">update</property>

        <mapping class="model.Categoria"/>
        <mapping class="model.Produto"/>
        <mapping class="model.Cliente"/>
        <mapping class="model.Pedido"/>
        <mapping class="model.ItensPedido"/>
    </session-factory>
</hibernate-configuration>